-- phpMyAdmin SQL Dump
-- version 5.2.0
-- https://www.phpmyadmin.net/
--
-- Host: 127.0.0.1
-- Generation Time: Mar 01, 2023 at 05:38 PM
-- Server version: 10.4.24-MariaDB
-- PHP Version: 8.1.5

SET SQL_MODE = "NO_AUTO_VALUE_ON_ZERO";
START TRANSACTION;
SET time_zone = "+00:00";


/*!40101 SET @OLD_CHARACTER_SET_CLIENT=@@CHARACTER_SET_CLIENT */;
/*!40101 SET @OLD_CHARACTER_SET_RESULTS=@@CHARACTER_SET_RESULTS */;
/*!40101 SET @OLD_COLLATION_CONNECTION=@@COLLATION_CONNECTION */;
/*!40101 SET NAMES utf8mb4 */;

--
-- Database: `brouwers`
--

-- --------------------------------------------------------

--
-- Table structure for table `bedrijven`
--

CREATE TABLE `bedrijven` (
  `id` int(11) NOT NULL,
  `bedrijfsnaam` varchar(30) COLLATE utf8mb4_unicode_ci NOT NULL,
  `contactpersoon` varchar(225) COLLATE utf8mb4_unicode_ci NOT NULL,
  `debnummer` int(11) NOT NULL,
  `straat` varchar(50) COLLATE utf8mb4_unicode_ci NOT NULL,
  `huisnummer` int(11) NOT NULL,
  `toevoeging` varchar(11) COLLATE utf8mb4_unicode_ci DEFAULT NULL,
  `postcode` varchar(11) COLLATE utf8mb4_unicode_ci NOT NULL,
  `stad` varchar(11) COLLATE utf8mb4_unicode_ci NOT NULL,
  `land` varchar(11) COLLATE utf8mb4_unicode_ci NOT NULL,
  `user_id` int(20) DEFAULT NULL,
  `created_at` timestamp NULL DEFAULT NULL,
  `updated_at` timestamp NULL DEFAULT NULL,
  `email` varchar(400) COLLATE utf8mb4_unicode_ci NOT NULL
) ENGINE=InnoDB DEFAULT CHARSET=utf8mb4 COLLATE=utf8mb4_unicode_ci;

--
-- Dumping data for table `bedrijven`
--

INSERT INTO `bedrijven` (`id`, `bedrijfsnaam`, `contactpersoon`, `debnummer`, `straat`, `huisnummer`, `toevoeging`, `postcode`, `stad`, `land`, `user_id`, `created_at`, `updated_at`, `email`) VALUES
(1, 'Albertheijn', 'test', 601, 'Boomstraat', 8, 'a', '3566SD', 'Rotterdam', 'Nederland', 12, '2022-10-05 12:43:26', '2023-01-30 13:42:26', 'mitchrhahn@gmail.com'),
(2, 'Jumbo', '', 456, 'Jumboweg', 32, 'd', '9845VB', 'Den Haag', 'Nederland', 13, '2022-10-12 12:43:26', NULL, ''),
(3, 'Lidl', '', 69, 'Lidlwijk', 6, 'a', '3081BD', 'Rotterdam', 'Netherlands', 14, '2022-10-12 12:43:26', '2022-11-04 09:29:46', 'mitchrhahn@gmail.com'),
(5, 'BakkerBart', '', 95123, 'Bakkerstraat', 69, 'b', '3566SD', 'Rotterdam', 'Nederland', 15, '2022-10-05 12:43:26', NULL, ''),
(7, 'Gemeente Ro', '', 789654, 'Coolsingel', 31, 's', '4578ED', 'Rotterdam', 'Nederland', 13, '2022-10-04 12:43:26', NULL, ''),
(16, 'Test klant', '', 8, 'teststraat', 23, 'test', 'testcode', 'teststad', 'testland', 12, '2022-09-30 07:47:17', '2022-10-28 07:14:04', 'mitchrhahn@gmail.com'),
(17, 'Cool Blue', '', 9635, 'Oostzeedijk', 90, 'g', '3780JN', 'Rotterdam', 'Nederland', 12, '2022-10-03 07:01:01', '2022-10-28 07:14:18', 'CoolBlue@gmail.com'),
(19, 'Jumbo', '', 27, 'Jumbostraat', 12, 'a', '3081BD', 'Rotterdam', 'Netherlands', 14, '2022-10-21 08:37:07', '2022-11-04 09:46:12', 'mitchrhahn@gmail.com'),
(21, 'test', 'contactpersoon1', 600, 'teststraat', 90, 'g', '3081BD', 'Rotterdam', 'Netherlands', 70, '2022-12-12 13:55:01', '2023-01-02 10:27:04', 'mitchrhahn@gmail.com'),
(22, 'Test Bedrijf', 'Test contact1', 600, 'teststraat', 90, NULL, '3081BD', 'Rotterdam', 'Netherlands', 70, '2023-01-02 09:41:49', '2023-01-02 09:42:15', 'mitchrhahn@gmail.com');

-- --------------------------------------------------------

--
-- Table structure for table `brouwerscontacten`
--

CREATE TABLE `brouwerscontacten` (
  `id` int(11) NOT NULL,
  `user_id` int(11) NOT NULL,
  `email` varchar(400) COLLATE utf8mb4_unicode_ci NOT NULL,
  `created_at` timestamp NULL DEFAULT NULL,
  `updated_at` timestamp NULL DEFAULT NULL ON UPDATE current_timestamp()
) ENGINE=InnoDB DEFAULT CHARSET=utf8mb4 COLLATE=utf8mb4_unicode_ci;

--
-- Dumping data for table `brouwerscontacten`
--

INSERT INTO `brouwerscontacten` (`id`, `user_id`, `email`, `created_at`, `updated_at`) VALUES
(1, 12, 'mitch_hahn@hotmail.com', NULL, '2023-02-23 10:22:09'),
(13, 14, 'mitchell@thedarecompany.com', NULL, '2022-10-31 22:46:35'),
(16, 70, 'mitchell@thedarecompany.com', '2022-12-15 14:34:50', '2023-01-02 10:14:07');

-- --------------------------------------------------------

--
-- Table structure for table `facturen`
--

CREATE TABLE `facturen` (
  `id` int(11) NOT NULL,
  `bedrijf_id` int(11) NOT NULL,
  `naam` varchar(100) COLLATE utf8mb4_unicode_ci NOT NULL,
  `startdatum` date DEFAULT NULL,
  `einddatum` date DEFAULT NULL,
  `user_id` int(11) NOT NULL,
  `created_at` timestamp NULL DEFAULT NULL,
  `updated_at` timestamp NULL DEFAULT NULL
) ENGINE=InnoDB DEFAULT CHARSET=utf8mb4 COLLATE=utf8mb4_unicode_ci;

--
-- Dumping data for table `facturen`
--

INSERT INTO `facturen` (`id`, `bedrijf_id`, `naam`, `startdatum`, `einddatum`, `user_id`, `created_at`, `updated_at`) VALUES
(521, 1, '2022-0001', '2022-11-01', '2022-11-30', 12, NULL, NULL),
(524, 1, '2022-0001', '2022-11-01', '2022-11-30', 12, '2022-12-09 14:38:51', '2022-12-09 14:38:51'),
(525, 1, '2022-0001', '2022-11-01', '2022-11-30', 12, '2022-12-09 14:39:39', '2022-12-09 14:39:39'),
(526, 1, '2022-0002', '2022-11-01', '2022-11-30', 12, '2022-12-09 14:42:47', '2022-12-09 14:42:47'),
(527, 1, '2022-0003', '2022-11-01', '2022-11-30', 12, '2022-12-12 08:37:48', '2022-12-12 08:37:48'),
(528, 1, '2022-0004', '2022-11-01', '2022-11-30', 12, '2022-12-12 08:38:48', '2022-12-12 08:38:48'),
(529, 16, '2022-0005', '2022-12-01', '2022-12-31', 12, '2022-12-12 08:39:29', '2022-12-12 08:39:29'),
(530, 17, '2022-0006', '2022-12-01', '2022-12-31', 12, '2022-12-12 08:39:50', '2022-12-12 08:39:50'),
(531, 16, '2022-0007', '2022-12-01', '2022-12-31', 12, '2022-12-12 08:41:31', '2022-12-12 08:41:31'),
(532, 16, '2022-0008', '2022-12-01', '2022-12-31', 12, '2022-12-12 08:43:22', '2022-12-12 08:43:22'),
(533, 16, '2022-0009', '2022-12-01', '2022-12-31', 12, '2022-12-12 09:18:24', '2022-12-12 09:18:24'),
(534, 16, '2022-0010', '2022-12-01', '2022-12-31', 12, '2022-12-12 10:06:44', '2022-12-12 10:06:44'),
(535, 21, '2022-0001', '2022-12-01', '2022-12-31', 70, '2022-12-12 13:56:08', '2022-12-12 13:56:08'),
(536, 21, '2022-0002', '2022-12-01', '2022-12-31', 70, '2022-12-12 13:57:34', '2022-12-12 13:57:34'),
(537, 21, '2022-0003', '2022-12-01', '2022-12-31', 70, '2022-12-12 13:59:32', '2022-12-12 13:59:32'),
(538, 21, '2022-0004', '2022-12-01', '2022-12-31', 70, '2022-12-12 14:09:56', '2022-12-12 14:09:56'),
(539, 21, '2022-0005', '2022-12-01', '2022-12-31', 70, '2022-12-12 14:10:57', '2022-12-12 14:10:57'),
(540, 21, '2022-0006', '2022-12-01', '2022-12-31', 70, '2022-12-12 14:12:49', '2022-12-12 14:12:49'),
(541, 21, '2022-0007', '2022-12-01', '2022-12-31', 70, '2022-12-12 14:14:02', '2022-12-12 14:14:02'),
(542, 21, '2022-0008', '2022-12-01', '2022-12-31', 70, '2022-12-12 14:14:18', '2022-12-12 14:14:18'),
(543, 21, '2022-0009', '2022-12-01', '2022-12-31', 70, '2022-12-12 14:16:01', '2022-12-12 14:16:01'),
(544, 21, '2022-0010', '2022-12-01', '2022-12-31', 70, '2022-12-12 14:17:21', '2022-12-12 14:17:21'),
(545, 21, '2022-0011', '2022-12-01', '2022-12-31', 70, '2022-12-12 14:17:29', '2022-12-12 14:17:29'),
(546, 21, '2022-0012', '2022-12-01', '2022-12-31', 70, '2022-12-12 14:19:12', '2022-12-12 14:19:12'),
(547, 21, '2022-0013', '2022-12-01', '2022-12-31', 70, '2022-12-12 14:19:37', '2022-12-12 14:19:37'),
(548, 21, '2022-0014', '2022-12-01', '2022-12-31', 70, '2022-12-12 14:19:56', '2022-12-12 14:19:56'),
(549, 21, '2022-0015', '2022-12-01', '2022-12-31', 70, '2022-12-12 14:30:01', '2022-12-12 14:30:01'),
(550, 1, '2022-0011', '2022-11-01', '2022-11-30', 12, '2022-12-13 14:24:53', '2022-12-13 14:24:53'),
(551, 1, '2022-0012', '2022-11-01', '2022-11-30', 12, '2022-12-14 14:01:25', '2022-12-14 14:01:25'),
(552, 1, '2022-0013', '2022-11-01', '2022-11-30', 12, '2022-12-14 14:02:52', '2022-12-14 14:02:52'),
(553, 1, '2022-0014', '2022-11-01', '2022-11-30', 12, '2022-12-14 14:07:03', '2022-12-14 14:07:03'),
(554, 1, '2022-0015', '2022-11-01', '2022-11-30', 12, '2022-12-14 14:12:18', '2022-12-14 14:12:18'),
(555, 1, '2022-0016', '2022-11-01', '2022-11-30', 12, '2022-12-14 14:12:36', '2022-12-14 14:12:36'),
(556, 1, '2022-0017', '2022-12-01', '2022-12-31', 12, '2022-12-15 10:22:32', '2022-12-15 10:22:32'),
(557, 1, '2022-0018', '2022-12-01', '2022-12-31', 12, '2022-12-15 11:55:43', '2022-12-15 11:55:43'),
(558, 1, '2022-0019', '2022-12-01', '2022-12-31', 12, '2022-12-15 11:57:06', '2022-12-15 11:57:06'),
(559, 1, '2022-0020', '2022-12-01', '2022-12-31', 12, '2022-12-15 11:59:10', '2022-12-15 11:59:10'),
(560, 1, '2022-0021', '2022-12-01', '2022-12-31', 12, '2022-12-15 11:59:14', '2022-12-15 11:59:14'),
(561, 1, '2022-0022', '2022-12-01', '2022-12-31', 12, '2022-12-15 12:27:11', '2022-12-15 12:27:11'),
(562, 1, '2022-0023', '2022-12-01', '2022-12-31', 12, '2022-12-15 12:34:46', '2022-12-15 12:34:46'),
(563, 1, '2022-0024', '2022-12-01', '2022-12-31', 12, '2022-12-15 12:45:25', '2022-12-15 12:45:25'),
(564, 1, '2022-0025', '2022-12-01', '2022-12-31', 12, '2022-12-15 12:46:28', '2022-12-15 12:46:28'),
(565, 1, '2022-0026', '2022-12-01', '2022-12-31', 12, '2022-12-15 13:01:18', '2022-12-15 13:01:18'),
(566, 1, '2022-0027', '2022-12-01', '2022-12-31', 12, '2022-12-15 13:04:10', '2022-12-15 13:04:10'),
(567, 1, '2022-0028', '2022-12-01', '2022-12-31', 12, '2022-12-15 13:06:30', '2022-12-15 13:06:30'),
(568, 1, '2022-0029', '2022-12-01', '2022-12-31', 12, '2022-12-15 13:06:37', '2022-12-15 13:06:37'),
(569, 1, '2022-0030', '2022-12-01', '2022-12-31', 12, '2022-12-15 13:13:15', '2022-12-15 13:13:15'),
(570, 1, '2022-0031', '2022-12-01', '2022-12-31', 12, '2022-12-15 13:14:25', '2022-12-15 13:14:25'),
(571, 1, '2022-0032', '2022-12-01', '2022-12-31', 12, '2022-12-15 13:16:31', '2022-12-15 13:16:31'),
(572, 1, '2022-0033', '2022-12-01', '2022-12-31', 12, '2022-12-15 13:22:00', '2022-12-15 13:22:00'),
(573, 1, '2022-0034', '2022-12-01', '2022-12-31', 12, '2022-12-15 13:22:03', '2022-12-15 13:22:03'),
(574, 1, '2022-0035', '2022-12-01', '2022-12-31', 12, '2022-12-15 13:22:07', '2022-12-15 13:22:07'),
(575, 1, '2022-0036', '2022-12-01', '2022-12-31', 12, '2022-12-15 13:22:12', '2022-12-15 13:22:12'),
(576, 1, '2022-0037', '2022-12-01', '2022-12-31', 12, '2022-12-15 14:10:13', '2022-12-15 14:10:13'),
(577, 21, '2022-0016', '2022-12-01', '2022-12-31', 70, '2022-12-15 14:27:23', '2022-12-15 14:27:23'),
(578, 21, '2022-0017', '2022-12-01', '2022-12-31', 70, '2022-12-15 14:28:14', '2022-12-15 14:28:14'),
(579, 21, '2022-0018', '2022-12-01', '2022-12-31', 70, '2022-12-15 14:28:20', '2022-12-15 14:28:20'),
(580, 21, '2022-0019', '2022-12-01', '2022-12-31', 70, '2022-12-15 14:32:45', '2022-12-15 14:32:45'),
(581, 21, '2022-0020', '2022-12-01', '2022-12-31', 70, '2022-12-15 14:40:21', '2022-12-15 14:40:21'),
(582, 21, '2022-0021', '2022-12-01', '2022-12-31', 70, '2022-12-15 14:40:22', '2022-12-15 14:40:22'),
(583, 21, '2022-0022', '2022-12-01', '2022-12-31', 70, '2022-12-15 14:43:34', '2022-12-15 14:43:34'),
(584, 21, '2022-0023', '2022-12-01', '2022-12-31', 70, '2022-12-15 14:44:55', '2022-12-15 14:44:55'),
(585, 21, '2022-0024', '2022-12-01', '2022-12-31', 70, '2022-12-15 14:47:34', '2022-12-15 14:47:34'),
(586, 21, '2022-0025', '2022-12-01', '2022-12-31', 70, '2022-12-15 14:47:48', '2022-12-15 14:47:48'),
(587, 21, '2022-0026', '2022-12-01', '2022-12-31', 70, '2022-12-15 14:49:26', '2022-12-15 14:49:26'),
(588, 21, '2022-0027', '2022-12-01', '2022-12-31', 70, '2023-01-02 09:48:18', '2023-01-02 09:48:18'),
(589, 21, '2022-0028', '2022-12-01', '2022-12-31', 70, '2023-01-02 09:52:33', '2023-01-02 09:52:33'),
(590, 21, '2022-0029', '2022-12-01', '2022-12-31', 70, '2023-01-02 10:02:27', '2023-01-02 10:02:27'),
(591, 21, '2022-0030', '2022-12-01', '2022-12-31', 70, '2023-01-02 10:25:07', '2023-01-02 10:25:07'),
(592, 21, '2022-0031', '2022-12-01', '2022-12-31', 70, '2023-01-02 10:26:46', '2023-01-02 10:26:46'),
(593, 21, '2022-0032', '2022-12-01', '2022-12-31', 70, '2023-01-02 10:27:16', '2023-01-02 10:27:16'),
(594, 21, '2022-0033', '2022-12-01', '2022-12-31', 70, '2023-01-02 10:30:46', '2023-01-02 10:30:46'),
(595, 21, '2022-0034', '2022-12-01', '2022-12-31', 70, '2023-01-02 10:31:10', '2023-01-02 10:31:10'),
(596, 21, '2022-0035', '2022-12-01', '2022-12-31', 70, '2023-01-02 11:50:28', '2023-01-02 11:50:28'),
(597, 21, '2022-0036', '2022-12-01', '2022-12-31', 70, '2023-01-02 12:15:30', '2023-01-02 12:15:30'),
(598, 21, '2022-0037', '2022-12-01', '2022-12-31', 70, '2023-01-02 12:37:42', '2023-01-02 12:37:42'),
(599, 21, '2022-0038', '2022-12-01', '2022-12-31', 70, '2023-01-02 12:52:22', '2023-01-02 12:52:22'),
(600, 21, '2022-0039', '2022-12-01', '2022-12-31', 70, '2023-01-02 12:56:32', '2023-01-02 12:56:32'),
(601, 1, '2023-0001', '2023-01-01', '2023-01-31', 12, '2023-01-19 09:53:43', '2023-01-19 09:53:43'),
(602, 1, '2023-0002', '2023-01-01', '2023-01-31', 12, '2023-01-19 09:56:43', '2023-01-19 09:56:43'),
(603, 1, '2023-0003', '2023-01-01', '2023-01-31', 12, '2023-01-19 09:57:12', '2023-01-19 09:57:12'),
(604, 1, '2023-0004', '2023-01-01', '2023-01-31', 12, '2023-01-19 09:58:31', '2023-01-19 09:58:31'),
(605, 1, '2023-0005', '2023-01-01', '2023-01-31', 12, '2023-01-19 10:01:22', '2023-01-19 10:01:22'),
(606, 1, '2023-0006', '2023-01-01', '2023-01-31', 12, '2023-01-24 13:30:05', '2023-01-24 13:30:05'),
(607, 1, '2023-0007', '2023-01-01', '2023-01-31', 12, '2023-01-24 14:03:44', '2023-01-24 14:03:44'),
(608, 1, '2023-0008', '2023-01-01', '2023-01-31', 12, '2023-01-24 14:21:47', '2023-01-24 14:21:47'),
(609, 1, '2023-0009', '2023-01-01', '2023-01-31', 12, '2023-01-24 14:27:10', '2023-01-24 14:27:10'),
(610, 1, '2023-0010', '2023-01-01', '2023-01-31', 12, '2023-01-24 14:27:51', '2023-01-24 14:27:51'),
(611, 1, '2023-0011', '2023-01-01', '2023-01-31', 12, '2023-01-24 14:54:50', '2023-01-24 14:54:50'),
(612, 1, '2023-0012', '2023-01-01', '2023-01-31', 12, '2023-01-24 14:59:57', '2023-01-24 14:59:57'),
(613, 1, '2023-0013', '2023-01-01', '2023-01-31', 12, '2023-01-24 15:06:10', '2023-01-24 15:06:10'),
(614, 1, '2023-0014', '2023-01-01', '2023-01-31', 12, '2023-01-24 15:20:57', '2023-01-24 15:20:57'),
(615, 1, '2023-0015', '2023-01-01', '2023-01-31', 12, '2023-01-25 12:35:25', '2023-01-25 12:35:25'),
(616, 1, '2023-0016', '2023-01-01', '2023-01-31', 12, '2023-01-25 12:45:27', '2023-01-25 12:45:27'),
(617, 1, '2023-0017', '2023-01-01', '2023-01-31', 12, '2023-01-25 13:02:36', '2023-01-25 13:02:36'),
(618, 1, '2023-0018', '2023-01-01', '2023-01-31', 12, '2023-01-25 14:14:53', '2023-01-25 14:14:53'),
(619, 1, '2023-0019', '2023-01-01', '2023-01-31', 12, '2023-01-25 14:19:45', '2023-01-25 14:19:45'),
(620, 1, '2023-0020', '2023-01-01', '2023-01-31', 12, '2023-01-25 14:32:12', '2023-01-25 14:32:12'),
(621, 1, '2023-0021', '2023-01-01', '2023-01-31', 12, '2023-01-25 14:36:32', '2023-01-25 14:36:32'),
(622, 1, '2023-0022', '2023-01-01', '2023-01-31', 12, '2023-01-26 08:04:29', '2023-01-26 08:04:29'),
(623, 1, '2023-0023', '2023-01-01', '2023-01-31', 12, '2023-01-26 08:05:39', '2023-01-26 08:05:39'),
(624, 1, '2022-0038', '2022-12-01', '2022-12-31', 12, '2023-01-26 08:50:37', '2023-01-26 08:50:37'),
(625, 1, '2023-0024', '2023-01-01', '2023-01-31', 12, '2023-01-26 08:53:27', '2023-01-26 08:53:27'),
(626, 1, '2022-0039', '2022-12-01', '2022-12-31', 12, '2023-01-26 08:54:57', '2023-01-26 08:54:57'),
(627, 1, '2023-0025', '2023-01-01', '2023-01-31', 12, '2023-01-26 08:55:40', '2023-01-26 08:55:40'),
(628, 1, '2022-0040', '2022-12-01', '2022-12-31', 12, '2023-01-26 08:59:18', '2023-01-26 08:59:18'),
(629, 1, '2022-0041', '2022-12-01', '2022-12-31', 12, '2023-01-26 09:00:42', '2023-01-26 09:00:42'),
(630, 1, '2022-0042', '2022-12-01', '2022-12-31', 12, '2023-01-26 09:07:13', '2023-01-26 09:07:13'),
(631, 1, '2022-0043', '2022-12-01', '2022-12-31', 12, '2023-01-26 09:08:09', '2023-01-26 09:08:09'),
(632, 1, '2022-0044', '2022-12-01', '2022-12-31', 12, '2023-01-26 09:09:06', '2023-01-26 09:09:06'),
(633, 1, '2022-0045', '2022-12-01', '2022-12-31', 12, '2023-01-26 09:11:32', '2023-01-26 09:11:32'),
(634, 1, '2023-0026', '2023-01-01', '2023-01-31', 12, '2023-01-26 09:17:46', '2023-01-26 09:17:46'),
(635, 1, '2022-0046', '2022-12-01', '2022-12-31', 12, '2023-01-26 09:22:18', '2023-01-26 09:22:18'),
(636, 1, '2023-0027', '2023-01-01', '2023-01-31', 12, '2023-01-26 09:34:46', '2023-01-26 09:34:46'),
(637, 1, '2023-0028', '2023-01-01', '2023-01-31', 12, '2023-01-26 09:47:12', '2023-01-26 09:47:12'),
(638, 1, '2023-0029', '2023-01-01', '2023-01-31', 12, '2023-01-26 09:48:06', '2023-01-26 09:48:06'),
(639, 1, '2022-0047', '2022-12-01', '2022-12-31', 12, '2023-01-26 10:10:36', '2023-01-26 10:10:36'),
(640, 1, '2023-0030', '2023-01-01', '2023-01-31', 12, '2023-01-26 11:55:11', '2023-01-26 11:55:11'),
(641, 1, '2023-0031', '2023-01-01', '2023-01-31', 12, '2023-01-26 12:50:33', '2023-01-26 12:50:33'),
(642, 1, '2023-0032', '2023-01-01', '2023-01-31', 12, '2023-01-26 13:10:09', '2023-01-26 13:10:09'),
(643, 1, '2022-0048', '2022-12-01', '2022-12-31', 12, '2023-01-26 13:28:08', '2023-01-26 13:28:08'),
(644, 1, '2022-0049', '2022-12-01', '2022-12-31', 12, '2023-01-26 13:31:09', '2023-01-26 13:31:09'),
(645, 1, '2023-0033', '2023-01-01', '2023-01-31', 12, '2023-01-26 13:43:39', '2023-01-26 13:43:39'),
(646, 1, '2022-0050', '2022-12-01', '2022-12-31', 12, '2023-01-26 13:44:16', '2023-01-26 13:44:16'),
(647, 1, '2022-0051', '2022-12-01', '2022-12-31', 12, '2023-01-26 13:46:38', '2023-01-26 13:46:38'),
(648, 1, '2022-0052', '2022-12-01', '2022-12-31', 12, '2023-01-26 15:17:54', '2023-01-26 15:17:54'),
(649, 1, '2022-0053', '2022-12-01', '2022-12-31', 12, '2023-01-27 11:40:18', '2023-01-27 11:40:18'),
(650, 1, '2022-0054', '2022-12-01', '2022-12-31', 12, '2023-01-27 11:46:42', '2023-01-27 11:46:42'),
(651, 1, '2022-0055', '2022-12-01', '2022-12-31', 12, '2023-01-27 15:05:58', '2023-01-27 15:05:58'),
(652, 1, '2023-0034', '2023-01-01', '2023-01-31', 12, '2023-01-30 07:15:43', '2023-01-30 07:15:43'),
(653, 1, '2022-0056', '2022-11-01', '2022-11-30', 12, '2023-01-30 07:16:21', '2023-01-30 07:16:21'),
(654, 1, '2023-0035', '2023-01-01', '2023-01-31', 12, '2023-01-30 07:16:57', '2023-01-30 07:16:57'),
(655, 1, '2022-0057', '2022-11-01', '2022-11-30', 12, '2023-01-30 07:19:45', '2023-01-30 07:19:45'),
(656, 1, '2023-0036', '2023-01-01', '2023-01-31', 12, '2023-01-30 07:23:54', '2023-01-30 07:23:54'),
(657, 1, '2023-0037', '2023-01-01', '2023-01-31', 12, '2023-01-30 07:32:01', '2023-01-30 07:32:01'),
(658, 1, '2022-0058', '2022-12-01', '2022-12-31', 12, '2023-01-30 07:33:47', '2023-01-30 07:33:47'),
(659, 1, '2023-0038', '2023-01-01', '2023-01-31', 12, '2023-01-30 07:41:48', '2023-01-30 07:41:48'),
(660, 1, '2022-0059', '2022-11-01', '2022-11-30', 12, '2023-01-30 07:42:49', '2023-01-30 07:42:49'),
(661, 1, '2023-0039', '2023-01-01', '2023-01-31', 12, '2023-01-30 07:45:46', '2023-01-30 07:45:46'),
(662, 1, '2023-0040', '2023-01-01', '2023-01-31', 12, '2023-01-30 07:45:59', '2023-01-30 07:45:59'),
(663, 1, '2022-0060', '2022-12-01', '2022-12-31', 12, '2023-01-30 07:48:06', '2023-01-30 07:48:06'),
(664, 1, '2023-0041', '2023-01-01', '2023-01-31', 12, '2023-01-30 07:59:22', '2023-01-30 07:59:22'),
(665, 1, '2023-0042', '2023-01-01', '2023-01-31', 12, '2023-01-30 13:05:12', '2023-01-30 13:05:12'),
(666, 1, '2022-0061', '2022-12-01', '2022-12-31', 12, '2023-01-30 13:12:23', '2023-01-30 13:12:23'),
(667, 1, '2022-0062', '2022-12-01', '2022-12-31', 12, '2023-01-30 13:13:34', '2023-01-30 13:13:34'),
(668, 1, '2023-0043', '2023-01-01', '2023-01-31', 12, '2023-01-30 13:13:59', '2023-01-30 13:13:59'),
(669, 1, '2022-0063', '2022-11-01', '2022-11-30', 12, '2023-01-30 13:14:11', '2023-01-30 13:14:11'),
(670, 1, '2022-0064', '2022-12-01', '2022-12-31', 12, '2023-01-30 13:14:26', '2023-01-30 13:14:26'),
(671, 1, '2023-0044', '2023-01-01', '2023-01-31', 12, '2023-01-30 13:15:01', '2023-01-30 13:15:01'),
(672, 1, '2023-0045', '2023-01-01', '2023-01-31', 12, '2023-01-30 13:41:29', '2023-01-30 13:41:29'),
(673, 1, '2023-0046', '2023-01-01', '2023-01-31', 12, '2023-01-30 13:42:38', '2023-01-30 13:42:38'),
(674, 1, '2023-0047', '2023-02-01', '2023-02-28', 12, '2023-02-23 07:42:15', '2023-02-23 07:42:15'),
(675, 1, '2023-0048', '2023-02-01', '2023-02-28', 12, '2023-02-23 07:42:34', '2023-02-23 07:42:34'),
(676, 1, '2023-0049', '2023-02-01', '2023-02-28', 12, '2023-02-23 07:48:04', '2023-02-23 07:48:04'),
(677, 1, '2023-0050', '2023-02-01', '2023-02-28', 12, '2023-02-23 07:52:59', '2023-02-23 07:52:59'),
(678, 1, '2023-0051', '2023-02-01', '2023-02-28', 12, '2023-02-23 07:53:07', '2023-02-23 07:53:07'),
(679, 1, '2023-0052', '2023-02-01', '2023-02-28', 12, '2023-02-23 07:53:15', '2023-02-23 07:53:15'),
(680, 1, '2023-0053', '2023-02-01', '2023-02-28', 12, '2023-02-23 08:25:02', '2023-02-23 08:25:02'),
(681, 1, '2023-0054', '2023-02-01', '2023-02-28', 12, '2023-02-23 08:32:42', '2023-02-23 08:32:42'),
(682, 1, '2023-0055', '2023-02-01', '2023-02-28', 12, '2023-02-23 08:46:43', '2023-02-23 08:46:43'),
(683, 1, '2023-0056', '2023-02-01', '2023-02-28', 12, '2023-02-23 09:05:00', '2023-02-23 09:05:00'),
(684, 1, '2023-0057', '2023-02-01', '2023-02-28', 12, '2023-02-23 09:05:15', '2023-02-23 09:05:15'),
(685, 1, '2023-0058', '2023-02-01', '2023-02-28', 12, '2023-02-23 09:05:44', '2023-02-23 09:05:44'),
(686, 1, '2023-0059', '2023-02-01', '2023-02-28', 12, '2023-02-23 09:06:35', '2023-02-23 09:06:35'),
(687, 1, '2023-0060', '2023-02-01', '2023-02-28', 12, '2023-02-23 09:14:52', '2023-02-23 09:14:52'),
(688, 1, '2023-0061', '2023-02-01', '2023-02-28', 12, '2023-02-23 09:19:14', '2023-02-23 09:19:14'),
(689, 1, '2023-0062', '2023-02-01', '2023-02-28', 12, '2023-02-23 09:19:29', '2023-02-23 09:19:29'),
(690, 1, '2023-0063', '2023-02-01', '2023-02-28', 12, '2023-02-23 09:21:01', '2023-02-23 09:21:01'),
(691, 1, '2023-0064', '2023-02-01', '2023-02-28', 12, '2023-02-23 09:22:32', '2023-02-23 09:22:32'),
(692, 1, '2023-0065', '2023-02-01', '2023-02-28', 12, '2023-02-23 09:22:40', '2023-02-23 09:22:40'),
(693, 1, '2023-0066', '2023-02-01', '2023-02-28', 12, '2023-02-23 09:23:04', '2023-02-23 09:23:04'),
(694, 1, '2023-0067', '2023-02-01', '2023-02-28', 12, '2023-02-23 09:38:31', '2023-02-23 09:38:31'),
(695, 1, '2023-0068', '2023-02-01', '2023-02-28', 12, '2023-02-23 09:38:53', '2023-02-23 09:38:53'),
(696, 1, '2023-0069', '2023-02-01', '2023-02-28', 12, '2023-02-23 09:44:11', '2023-02-23 09:44:11'),
(697, 1, '2023-0070', '2023-02-01', '2023-02-28', 12, '2023-02-23 09:52:58', '2023-02-23 09:52:58'),
(698, 1, '2023-0071', '2023-02-01', '2023-02-28', 12, '2023-02-23 09:54:35', '2023-02-23 09:54:35'),
(699, 1, '2023-0072', '2023-02-01', '2023-02-28', 12, '2023-02-23 09:54:39', '2023-02-23 09:54:39'),
(700, 1, '2023-0073', '2023-02-01', '2023-02-28', 12, '2023-02-23 09:54:48', '2023-02-23 09:54:48'),
(701, 1, '2023-0074', '2023-02-01', '2023-02-28', 12, '2023-02-23 09:59:50', '2023-02-23 09:59:50'),
(702, 1, '2023-0075', '2023-02-01', '2023-02-28', 12, '2023-02-23 10:00:11', '2023-02-23 10:00:11'),
(703, 1, '2023-0076', '2023-02-01', '2023-02-28', 12, '2023-02-23 10:02:57', '2023-02-23 10:02:57'),
(704, 1, '2023-0077', '2023-02-01', '2023-02-28', 12, '2023-02-23 10:03:45', '2023-02-23 10:03:45'),
(705, 1, '2023-0078', '2023-02-01', '2023-02-28', 12, '2023-02-23 10:06:49', '2023-02-23 10:06:49'),
(706, 1, '2023-0079', '2023-02-01', '2023-02-28', 12, '2023-02-23 10:08:47', '2023-02-23 10:08:47'),
(707, 1, '2023-0080', '2023-02-01', '2023-02-28', 12, '2023-02-23 10:11:22', '2023-02-23 10:11:22'),
(708, 1, '2023-0081', '2023-02-01', '2023-02-28', 12, '2023-02-23 10:12:52', '2023-02-23 10:12:52'),
(709, 1, '2023-0082', '2023-02-01', '2023-02-28', 12, '2023-02-23 10:16:01', '2023-02-23 10:16:01'),
(710, 1, '2023-0083', '2023-02-01', '2023-02-28', 12, '2023-02-23 10:17:15', '2023-02-23 10:17:15'),
(711, 1, '2023-0084', '2023-02-01', '2023-02-28', 12, '2023-02-23 10:18:37', '2023-02-23 10:18:37'),
(712, 1, '2023-0085', '2023-02-01', '2023-02-28', 12, '2023-02-23 10:21:39', '2023-02-23 10:21:39'),
(713, 1, '2023-0086', '2023-02-01', '2023-02-28', 12, '2023-02-23 10:21:45', '2023-02-23 10:21:45'),
(714, 1, '2023-0087', '2023-02-01', '2023-02-28', 12, '2023-02-23 10:22:09', '2023-02-23 10:22:09');

-- --------------------------------------------------------

--
-- Table structure for table `feestdagen`
--

CREATE TABLE `feestdagen` (
  `id` int(11) NOT NULL,
  `datum` date NOT NULL,
  `naam` varchar(225) COLLATE utf8mb4_unicode_ci NOT NULL
) ENGINE=InnoDB DEFAULT CHARSET=utf8mb4 COLLATE=utf8mb4_unicode_ci;

--
-- Dumping data for table `feestdagen`
--

INSERT INTO `feestdagen` (`id`, `datum`, `naam`) VALUES
(1, '2023-12-25', 'tweede kerstdag'),
(2, '2023-12-24', 'eerste kerstdag');

-- --------------------------------------------------------

--
-- Table structure for table `tarieven`
--

CREATE TABLE `tarieven` (
  `id` int(11) NOT NULL,
  `bedrag` varchar(40) COLLATE utf8mb4_unicode_ci NOT NULL,
  `created_at` timestamp NULL DEFAULT NULL,
  `updated_at` timestamp NULL DEFAULT NULL,
  `user_id` int(40) DEFAULT NULL
) ENGINE=InnoDB DEFAULT CHARSET=utf8mb4 COLLATE=utf8mb4_unicode_ci;

--
-- Dumping data for table `tarieven`
--

INSERT INTO `tarieven` (`id`, `bedrag`, `created_at`, `updated_at`, `user_id`) VALUES
(1, '11', '2022-11-01 13:05:10', NULL, 12),
(2, '13', '2022-11-02 13:05:10', NULL, 13),
(4, '15', '2022-11-02 13:16:13', NULL, 15),
(19, '9', '2022-11-03 13:39:33', '2022-11-03 13:39:33', 14),
(30, '14', '2022-11-04 09:01:47', '2022-11-04 09:01:47', 14),
(31, '22', '2022-11-04 10:19:56', '2022-11-04 10:19:56', 14),
(32, '12', '2022-11-07 07:30:27', '2022-11-07 07:30:27', 12),
(33, '13', '2022-11-21 07:51:06', '2022-11-21 07:51:06', 12),
(34, '13', '2022-12-07 13:16:02', '2022-12-07 13:16:03', 69),
(35, '13', '2022-12-07 13:16:27', '2022-12-07 13:16:27', 69),
(36, '14', '2022-12-07 13:17:08', '2022-12-07 13:17:08', 12),
(37, '15', '2022-12-07 13:17:18', '2022-12-07 13:17:18', 12),
(44, '16', '2022-12-08 07:07:03', '2022-12-08 07:07:03', 12),
(49, '14', '2022-12-12 13:53:21', '2022-12-12 13:53:21', 70),
(50, '17', '2023-02-21 15:10:16', '2023-02-21 15:10:16', 12),
(51, '18', '2023-02-21 15:13:12', '2023-02-21 15:13:12', 12),
(52, '18', '2023-02-21 15:13:23', '2023-02-21 15:13:23', 12),
(53, '20', '2023-02-21 15:14:33', '2023-02-21 15:14:33', 12),
(54, '22', '2023-02-21 15:17:40', '2023-02-21 15:17:40', 12),
(55, '22', '2023-02-21 15:18:28', '2023-02-21 15:18:28', 12),
(56, '22', '2023-02-21 15:20:29', '2023-02-21 15:20:30', 12),
(57, '23', '2023-02-21 15:20:42', '2023-02-21 15:20:42', 12),
(58, '24', '2023-02-22 07:11:16', '2023-02-22 07:11:16', 12),
(59, '16', '2023-02-22 14:38:32', '2023-02-22 14:38:32', 12),
(60, '17', '2023-03-01 14:59:28', '2023-03-01 14:59:28', 12);

-- --------------------------------------------------------

--
-- Table structure for table `tijden`
--

CREATE TABLE `tijden` (
  `id` int(11) NOT NULL,
  `datum` date DEFAULT NULL,
  `begintijd` time DEFAULT NULL,
  `eindtijd` time DEFAULT NULL,
  `created_at` timestamp NULL DEFAULT NULL,
  `updated_at` timestamp NULL DEFAULT NULL,
  `toeslag_idochtend` int(11) DEFAULT NULL,
  `bedrijf_id` int(11) DEFAULT NULL,
  `tarief_id` int(40) DEFAULT NULL,
  `toeslag_idavond` int(11) DEFAULT NULL,
  `toeslag_idnacht` int(11) DEFAULT NULL,
  `user_id` int(11) DEFAULT NULL
) ENGINE=InnoDB DEFAULT CHARSET=utf8mb4 COLLATE=utf8mb4_unicode_ci;

--
-- Dumping data for table `tijden`
--

INSERT INTO `tijden` (`id`, `datum`, `begintijd`, `eindtijd`, `created_at`, `updated_at`, `toeslag_idochtend`, `bedrijf_id`, `tarief_id`, `toeslag_idavond`, `toeslag_idnacht`, `user_id`) VALUES
(422, '2023-02-13', '15:04:00', '19:04:00', '2023-02-21 12:04:38', '2023-02-21 12:04:39', NULL, 1, 44, 136, NULL, 12),
(424, '2023-02-06', '12:41:00', '19:43:00', '2023-02-21 12:42:05', '2023-02-21 12:42:05', NULL, 1, 44, 136, NULL, 12),
(426, '2023-03-01', '01:05:00', '20:05:00', '2023-03-01 14:04:20', '2023-03-01 14:04:20', 135, 1, 59, 136, NULL, 12);

-- --------------------------------------------------------

--
-- Table structure for table `toeslagen`
--

CREATE TABLE `toeslagen` (
  `id` int(11) NOT NULL,
  `datum` date DEFAULT NULL,
  `toeslagbegintijd` time DEFAULT NULL,
  `toeslageindtijd` time DEFAULT NULL,
  `toeslagsoort` varchar(45) COLLATE utf8mb4_unicode_ci DEFAULT NULL,
  `toeslagpercentage` int(40) DEFAULT NULL,
  `user_id` int(40) DEFAULT NULL,
  `created_at` timestamp NULL DEFAULT NULL,
  `updated_at` timestamp NULL DEFAULT NULL,
  `soort` int(11) DEFAULT NULL
) ENGINE=InnoDB DEFAULT CHARSET=utf8mb4 COLLATE=utf8mb4_unicode_ci;

--
-- Dumping data for table `toeslagen`
--

INSERT INTO `toeslagen` (`id`, `datum`, `toeslagbegintijd`, `toeslageindtijd`, `toeslagsoort`, `toeslagpercentage`, `user_id`, `created_at`, `updated_at`, `soort`) VALUES
(134, '0000-00-00', '22:00:00', '24:00:00', 'nacht', 150, 12, '2023-01-11 14:20:58', '2023-01-11 14:20:58', 3),
(135, NULL, '00:00:00', '06:00:00', 'ochtend', 150, 12, '2022-11-04 05:50:34', '2022-09-14 07:19:28', 1),
(136, NULL, '18:00:00', '22:00:00', 'Avond', 120, 12, '2022-11-04 05:50:34', '2022-09-14 07:19:28', 2),
(137, NULL, '00:00:00', '06:00:00', 'weekend/feestdag ochtend', 150, 12, '2022-11-04 05:50:34', '2022-09-14 07:19:28', 4),
(138, NULL, '18:00:00', '22:00:00', 'weekend/feestdag Avond', 120, 12, '2022-11-20 04:03:50', '2023-01-11 14:38:49', 5),
(139, NULL, '22:00:00', '24:00:00', 'weekend/feestdag nacht', 150, 12, '2022-11-20 04:03:50', '2023-01-11 14:42:40', 6),
(142, NULL, '22:00:00', '24:00:00', 'weekend/feestdag nacht', 150, 14, '2022-11-23 04:03:50', '2023-01-17 14:42:40', 6),
(143, NULL, '00:00:00', '06:00:00', NULL, 150, 15, '2023-02-22 08:37:21', '2023-02-22 08:37:21', 1),
(144, NULL, '18:00:00', '20:00:00', NULL, 130, 77, '2023-02-22 08:38:54', '2023-02-22 08:38:54', 2);

-- --------------------------------------------------------

--
-- Table structure for table `users`
--

CREATE TABLE `users` (
  `id` int(20) NOT NULL,
  `name` varchar(255) COLLATE utf8mb4_unicode_ci NOT NULL,
  `email` varchar(255) COLLATE utf8mb4_unicode_ci NOT NULL,
  `email_verified_at` timestamp NULL DEFAULT NULL,
  `password` varchar(255) COLLATE utf8mb4_unicode_ci DEFAULT NULL,
  `remember_token` varchar(100) COLLATE utf8mb4_unicode_ci DEFAULT NULL,
  `created_at` timestamp NULL DEFAULT NULL,
  `updated_at` timestamp NULL DEFAULT NULL,
  `account_type` int(4) DEFAULT NULL,
  `achternaam` varchar(225) COLLATE utf8mb4_unicode_ci DEFAULT NULL,
  `straat` varchar(225) COLLATE utf8mb4_unicode_ci DEFAULT NULL,
  `huisnummer` int(100) DEFAULT NULL,
  `toevoeging` varchar(225) COLLATE utf8mb4_unicode_ci DEFAULT NULL,
  `postcode` varchar(225) COLLATE utf8mb4_unicode_ci DEFAULT NULL,
  `stad` varchar(225) COLLATE utf8mb4_unicode_ci DEFAULT NULL,
  `land` varchar(225) COLLATE utf8mb4_unicode_ci DEFAULT NULL,
  `telefoonnumer` varchar(100) COLLATE utf8mb4_unicode_ci DEFAULT NULL,
  `tussenvoegsel` varchar(225) COLLATE utf8mb4_unicode_ci DEFAULT NULL,
  `kvknummer` int(11) DEFAULT NULL,
  `btwnummer` varchar(50) COLLATE utf8mb4_unicode_ci DEFAULT NULL,
  `logo` varchar(255) COLLATE utf8mb4_unicode_ci DEFAULT NULL,
  `ibannummer` varchar(50) COLLATE utf8mb4_unicode_ci DEFAULT NULL,
  `bedrijfsnaam` varchar(400) COLLATE utf8mb4_unicode_ci DEFAULT NULL
) ENGINE=InnoDB DEFAULT CHARSET=utf8mb4 COLLATE=utf8mb4_unicode_ci;

--
-- Dumping data for table `users`
--

INSERT INTO `users` (`id`, `name`, `email`, `email_verified_at`, `password`, `remember_token`, `created_at`, `updated_at`, `account_type`, `achternaam`, `straat`, `huisnummer`, `toevoeging`, `postcode`, `stad`, `land`, `telefoonnumer`, `tussenvoegsel`, `kvknummer`, `btwnummer`, `logo`, `ibannummer`, `bedrijfsnaam`) VALUES
(12, 'Mitchell', 'john_smith@gmail.com', NULL, '$2y$10$4fvmiqC2RYCorZxQax8oauB/G1TA5G2tc1lxw9Qa0swlGRmiqv8VK', 'tbinaJlofeEuwB2Cm1f9GkWGR7BBqN688yCuwrZuBucJD6WsKVWpSvBXRJDK', '2022-09-15 05:18:56', '2023-02-24 13:18:50', 0, 'Hahn', 'Coolsingel', 8, NULL, '6548JN', 'Rotterdam', 'Nederland', '06987123654', 'test', 123456123, 'B-161035', '1667060622.jpg', 'ibantest', 'bnaamtest'),
(13, 'Jan', 'jan_tester@gmail.com', NULL, '$2y$10$4fvmiqC2RYCorZxQax8oauB/G1TA5G2tc1lxw9Qa0swlGRmiqv8VK', '00ZBVLszCL9J6g03hFnlUDWT52v02rzAiTIHiSK3oCD8LyP1aiiF0jtqJYxl', '2022-09-20 07:19:28', '2023-02-22 14:22:45', 1, 'tester', 'Coolsingel', 2, 'g', '4521', 'Den Haag', 'Nederland', NULL, NULL, 1, '0', '1670410536.jpg', '0', 'test'),
(14, 'Osama', 'Osama@hotmail.com', '0000-00-00 00:00:00', '$2y$10$4fvmiqC2RYCorZxQax8oauB/G1TA5G2tc1lxw9Qa0swlGRmiqv8VK', '945066d', '2022-09-13 07:22:02', '2022-11-04 08:17:17', 0, 'Laden', 'Coolsingel', 911, 'A', '3085DF', 'Kabul', 'Afghanistan', NULL, 'Bin', 159753654, 'ABN1657555', '1667553437.png', '', ''),
(15, 'Mark', 'Rutte4President@gmail.com', '2022-09-10 07:24:02', '$2y$10$4fvmiqC2RYCorZxQax8oauB/G1TA5G2tc1lxw9Qa0swlGRmiqv8VK', '357165ded', '2022-09-12 07:24:02', '2023-02-22 10:30:35', 0, 'Rut', 'ed', 1, 'dd', 'edwd', 'testt', 'testtt', '22', NULL, 789654123, 'RAB125896347', '', NULL, NULL),
(69, 'Mitchell', 'mitchell@darecompany.nl', NULL, '$2y$10$4fvmiqC2RYCorZxQax8oauB/G1TA5G2tc1lxw9Qa0swlGRmiqv8VK', NULL, '2022-12-06 15:54:24', '2022-12-09 10:00:57', 1, '0', '0', 0, '0', '3081BD', '0', 'Netherlands', '0', '0', 0, '0', NULL, 'test', NULL),
(70, 'Mitchell', 'mitchell@thedarecompany.com', NULL, '$2y$10$4fvmiqC2RYCorZxQax8oauB/G1TA5G2tc1lxw9Qa0swlGRmiqv8VK', NULL, '2022-12-06 15:54:56', '2022-12-16 07:39:44', 0, '0', '0', 0, '0', '3081BD', '0', 'Netherlands', '06987123654', '0', 1, '0', '1671179984.jpeg', 'test', 'test'),
(77, 'Mitchell Hahn', 'mitch_hahn117@hotmail.com', NULL, NULL, NULL, '2022-12-13 08:49:49', '2022-12-13 08:49:49', 0, NULL, NULL, NULL, NULL, '3081BD', NULL, 'Netherlands', NULL, NULL, NULL, NULL, NULL, NULL, NULL),
(79, 'test', 'mitchrhahn@gmail.com', NULL, NULL, NULL, '2023-02-22 13:16:08', '2023-02-22 13:16:08', 0, 'Hahn', '0', 90, 'g', '3081BD', 'Rotterdam', 'Netherlands', '06987123654', 'test', 1, '0', NULL, '0', 'test');

--
-- Indexes for dumped tables
--

--
-- Indexes for table `bedrijven`
--
ALTER TABLE `bedrijven`
  ADD PRIMARY KEY (`id`),
  ADD KEY `user_id` (`user_id`);

--
-- Indexes for table `brouwerscontacten`
--
ALTER TABLE `brouwerscontacten`
  ADD PRIMARY KEY (`id`),
  ADD KEY `user_id` (`user_id`);

--
-- Indexes for table `facturen`
--
ALTER TABLE `facturen`
  ADD PRIMARY KEY (`id`),
  ADD KEY `bedrijf_id` (`bedrijf_id`),
  ADD KEY `user_id` (`user_id`);

--
-- Indexes for table `feestdagen`
--
ALTER TABLE `feestdagen`
  ADD PRIMARY KEY (`id`);

--
-- Indexes for table `tarieven`
--
ALTER TABLE `tarieven`
  ADD PRIMARY KEY (`id`),
  ADD KEY `user_id` (`user_id`);

--
-- Indexes for table `tijden`
--
ALTER TABLE `tijden`
  ADD PRIMARY KEY (`id`),
  ADD KEY `datum` (`datum`),
  ADD KEY `toeslag_id` (`toeslag_idochtend`),
  ADD KEY `bedrijf_id` (`bedrijf_id`),
  ADD KEY `tarieftotijd` (`tarief_id`),
  ADD KEY `toeslag_idavond` (`toeslag_idavond`,`toeslag_idnacht`),
  ADD KEY `toeslagnachttotijd` (`toeslag_idnacht`),
  ADD KEY `user_id` (`user_id`);

--
-- Indexes for table `toeslagen`
--
ALTER TABLE `toeslagen`
  ADD PRIMARY KEY (`id`),
  ADD KEY `user_id` (`user_id`) USING BTREE,
  ADD KEY `datum` (`datum`);

--
-- Indexes for table `users`
--
ALTER TABLE `users`
  ADD PRIMARY KEY (`id`),
  ADD UNIQUE KEY `users_email_unique` (`email`),
  ADD KEY `id` (`id`);

--
-- AUTO_INCREMENT for dumped tables
--

--
-- AUTO_INCREMENT for table `bedrijven`
--
ALTER TABLE `bedrijven`
  MODIFY `id` int(11) NOT NULL AUTO_INCREMENT, AUTO_INCREMENT=24;

--
-- AUTO_INCREMENT for table `brouwerscontacten`
--
ALTER TABLE `brouwerscontacten`
  MODIFY `id` int(11) NOT NULL AUTO_INCREMENT, AUTO_INCREMENT=17;

--
-- AUTO_INCREMENT for table `facturen`
--
ALTER TABLE `facturen`
  MODIFY `id` int(11) NOT NULL AUTO_INCREMENT, AUTO_INCREMENT=715;

--
-- AUTO_INCREMENT for table `feestdagen`
--
ALTER TABLE `feestdagen`
  MODIFY `id` int(11) NOT NULL AUTO_INCREMENT, AUTO_INCREMENT=5;

--
-- AUTO_INCREMENT for table `tarieven`
--
ALTER TABLE `tarieven`
  MODIFY `id` int(11) NOT NULL AUTO_INCREMENT, AUTO_INCREMENT=61;

--
-- AUTO_INCREMENT for table `tijden`
--
ALTER TABLE `tijden`
  MODIFY `id` int(11) NOT NULL AUTO_INCREMENT, AUTO_INCREMENT=427;

--
-- AUTO_INCREMENT for table `toeslagen`
--
ALTER TABLE `toeslagen`
  MODIFY `id` int(11) NOT NULL AUTO_INCREMENT, AUTO_INCREMENT=145;

--
-- AUTO_INCREMENT for table `users`
--
ALTER TABLE `users`
  MODIFY `id` int(20) NOT NULL AUTO_INCREMENT, AUTO_INCREMENT=85;

--
-- Constraints for dumped tables
--

--
-- Constraints for table `bedrijven`
--
ALTER TABLE `bedrijven`
  ADD CONSTRAINT `usertobedrijf` FOREIGN KEY (`user_id`) REFERENCES `users` (`id`);

--
-- Constraints for table `brouwerscontacten`
--
ALTER TABLE `brouwerscontacten`
  ADD CONSTRAINT `brouwerscontacttouser` FOREIGN KEY (`user_id`) REFERENCES `users` (`id`);

--
-- Constraints for table `facturen`
--
ALTER TABLE `facturen`
  ADD CONSTRAINT `bedrijftofacturen` FOREIGN KEY (`bedrijf_id`) REFERENCES `bedrijven` (`id`),
  ADD CONSTRAINT `factuurtouser` FOREIGN KEY (`user_id`) REFERENCES `users` (`id`);

--
-- Constraints for table `tarieven`
--
ALTER TABLE `tarieven`
  ADD CONSTRAINT `usertotarief` FOREIGN KEY (`user_id`) REFERENCES `users` (`id`);

--
-- Constraints for table `tijden`
--
ALTER TABLE `tijden`
  ADD CONSTRAINT `bedrijftotijd` FOREIGN KEY (`bedrijf_id`) REFERENCES `bedrijven` (`id`),
  ADD CONSTRAINT `tarieftotijd` FOREIGN KEY (`tarief_id`) REFERENCES `tarieven` (`id`),
  ADD CONSTRAINT `toeslagavondtotijd` FOREIGN KEY (`toeslag_idavond`) REFERENCES `toeslagen` (`id`),
  ADD CONSTRAINT `toeslagnachttotijd` FOREIGN KEY (`toeslag_idnacht`) REFERENCES `toeslagen` (`id`),
  ADD CONSTRAINT `toeslagochtendtotijd` FOREIGN KEY (`toeslag_idochtend`) REFERENCES `toeslagen` (`id`),
  ADD CONSTRAINT `usertotijd` FOREIGN KEY (`user_id`) REFERENCES `users` (`id`);

--
-- Constraints for table `toeslagen`
--
ALTER TABLE `toeslagen`
  ADD CONSTRAINT `usertotoeslag` FOREIGN KEY (`user_id`) REFERENCES `users` (`id`);
COMMIT;

/*!40101 SET CHARACTER_SET_CLIENT=@OLD_CHARACTER_SET_CLIENT */;
/*!40101 SET CHARACTER_SET_RESULTS=@OLD_CHARACTER_SET_RESULTS */;
/*!40101 SET COLLATION_CONNECTION=@OLD_COLLATION_CONNECTION */;
